"0","library(PFCI)"
"0",""
"0","sim <- PFCI::simulate_with_latent("
"0","  p_obs = 100, gamma = 0.05, n = 100,"
"0","  edge_prob_obs = 0.02, latent_out_deg = 3,"
"0","  errDist = ""normal"","
"0","  seed_graph = 123,"
"0","  seed_data  = 234,"
"0","  truth_mmax = 2,"
"0","  truth_alpha = 0.9999"
"0",")"
"0",""
"0","fit <- PFCI::pfci_fit(sim$X, alpha = 0.01, approx = TRUE)"
"0",""
"0","met <- PFCI::metrics_with_latent(sim, fit)"
"0","met"
"1","$SHD
"
"1","[1]"
"1"," 85"
"1","
"
"1","
"
"1","$F1_total
"
"1","[1]"
"1"," 0.5971564"
"1","
"
"1","
"
"1","$MCC
"
"1","[1]"
"1"," 0.6351019"
"1","
"
"1","
"
"1","$Time
"
"1","[1]"
"1"," 0.03735709"
"1","
"
"1","
"
"0","suppressPackageStartupMessages({"
"0","  library(PFCI)"
"0","  library(dplyr)"
"0","})"
"0",""
"0","# ---- One replication for one errDist ----"
"0","run_one_latent_rep <- function("
"0","  errDist,"
"0","  rep_id,"
"0","  p_obs = 100, gamma = 0.05, n = 100,"
"0","  edge_prob_obs = 0.02, latent_out_deg = 3,"
"0","  truth_mmax = 2, truth_alpha = 0.9999,"
"0","  alpha_pfci = 0.01, approx = TRUE,"
"0","  seed_graph = 123, seed_data0 = 234"
"0",") {"
"0",""
"0","  sim <- PFCI::simulate_with_latent("
"0","    p_obs = p_obs, gamma = gamma, n = n,"
"0","    edge_prob_obs = edge_prob_obs, latent_out_deg = latent_out_deg,"
"0","    errDist = errDist,"
"0","    seed_graph = seed_graph,"
"0","    seed_data  = seed_data0 + rep_id,   # vary ONLY data seed across reps"
"0","    truth_mmax = truth_mmax,"
"0","    truth_alpha = truth_alpha"
"0","  )"
"0",""
"0","  fit <- PFCI::pfci_fit(sim$X, alpha = alpha_pfci, approx = approx)"
"0",""
"0","  met <- PFCI::metrics_with_latent(sim, fit)"
"0",""
"0","  data.frame("
"0","    errDist = errDist,"
"0","    rep = rep_id,"
"0","    SHD = as.numeric(met$SHD),"
"0","    F1_total = as.numeric(met$F1_total),"
"0","    MCC = as.numeric(met$MCC),"
"0","    Time = as.numeric(met$Time),"
"0","    stringsAsFactors = FALSE"
"0","  )"
"0","}"
"0",""
"0","# ---- Batch runner across error distributions ----"
"0","run_latent_replication_study <- function("
"0","  R = 20,"
"0","  p_obs = 100, gamma = 0.05, n = 100,"
"0","  edge_prob_obs = 0.02, latent_out_deg = 3,"
"0","  truth_mmax = 2, truth_alpha = 0.9999,"
"0","  alpha_pfci = 0.01, approx = TRUE,"
"0","  seed_graph = 123, seed_data0 = 234"
"0",") {"
"0",""
"0","  scenarios <- c(normal = ""normal"", t4 = ""t4"", mixt3 = ""mixt3"")"
"0",""
"0","  res <- do.call(rbind, lapply(unname(scenarios), function(ed) {"
"0","    do.call(rbind, lapply(seq_len(R), function(r) {"
"0","      run_one_latent_rep("
"0","        errDist = ed, rep_id = r,"
"0","        p_obs = p_obs, gamma = gamma, n = n,"
"0","        edge_prob_obs = edge_prob_obs, latent_out_deg = latent_out_deg,"
"0","        truth_mmax = truth_mmax, truth_alpha = truth_alpha,"
"0","        alpha_pfci = alpha_pfci, approx = approx,"
"0","        seed_graph = seed_graph, seed_data0 = seed_data0"
"0","      )"
"0","    }))"
"0","  }))"
"0",""
"0","  # Summary table: mean & sd for each metric"
"0","  summ <- res %>%"
"0","    group_by(errDist) %>%"
"0","    summarise("
"0","      SHD.mean = mean(SHD, na.rm = TRUE),"
"0","      SHD.sd   = sd(SHD, na.rm = TRUE),"
"0","      F1_total.mean = mean(F1_total, na.rm = TRUE),"
"0","      F1_total.sd   = sd(F1_total, na.rm = TRUE),"
"0","      MCC.mean = mean(MCC, na.rm = TRUE),"
"0","      MCC.sd   = sd(MCC, na.rm = TRUE),"
"0","      Time.mean = mean(Time, na.rm = TRUE),"
"0","      Time.sd   = sd(Time, na.rm = TRUE),"
"0","      .groups = ""drop"""
"0","    ) %>%"
"0","    arrange(match(errDist, c(""normal"",""t4"",""mixt3"")))"
"0",""
"0","  attr(summ, ""raw"") <- res"
"0","  summ"
"0","}"
"0",""
"0","# ---- Run exactly like your 3-line recipe, but replicated ----"
"0","set.seed(1)"
"0","tab <- run_latent_replication_study("
"0","  R = 2,"
"0","  p_obs = 100, gamma = 0.05, n = 100,"
"0","  edge_prob_obs = 0.02, latent_out_deg = 3,"
"0","  truth_mmax = 2, truth_alpha = 0.9999,"
"0","  alpha_pfci = 0.01, approx = TRUE,"
"0","  seed_graph = 123, seed_data0 = 234"
"0",")"
"0",""
"0","print(tab)"
