{"chunk_definitions":[{"row":21,"row_count":1,"visible":true,"expansion_state":0,"options":{"engine":"r","label":"setup","include":true,"dev":"png"},"document_id":"4C60B637","chunk_id":"csetup_chunk","chunk_label":"setup"},{"row":144,"row_count":1,"visible":true,"expansion_state":0,"options":{"engine":"r","include":true,"label":"unnamed-chunk-8","dev":"png"},"document_id":"4C60B637","chunk_id":"cytdcc0jfhgcf","chunk_label":"unnamed-chunk-1"}],"doc_write_time":1772155587,"working_dir":null,"default_chunk_options":{}}